question,source,language,subreddit
How do you feel about today's inclusion of USA into Latinoam√©rica,https://www.reddit.com/r/asklatinamerica/comments/krwygn/how_do_you_feel_about_todays_inclusion_of_usa/,Mixed,AskLatinAmerica
How to respond to gringo denying the existence of white latinos,https://www.reddit.com/r/asklatinamerica/comments/mv2j2q/how_to_respond_to_gringo_denying_the_existence_of/,Mixed,AskLatinAmerica
How can we modernize the Spanish language?,https://www.reddit.com/r/asklatinamerica/comments/ncigto/how_can_we_modernize_the_spanish_language/,Mixed,AskLatinAmerica
What‚Äôs the most third world latin american thing you‚Äôve ever done?,https://www.reddit.com/r/asklatinamerica/comments/ovv86j/whats_the_most_third_world_latin_american_thing/,Mixed,AskLatinAmerica
What can Guatemala do to become Guatebuena or even Guatebuen√≠sima?,https://www.reddit.com/r/asklatinamerica/comments/kkrfxb/what_can_guatemala_do_to_become_guatebuena_or/,Mixed,AskLatinAmerica
Why do Ignorant Americans Believe Paraguay Actually Exists?,https://www.reddit.com/r/asklatinamerica/comments/oqaza4/why_do_ignorant_americans_believe_paraguay/,Mixed,AskLatinAmerica
What would you like to know about Suriname?,https://www.reddit.com/r/asklatinamerica/comments/k0pvop/what_would_you_like_to_know_about_suriname/,Mixed,AskLatinAmerica
Why do you think Americans are obsessed with race?,https://www.reddit.com/r/asklatinamerica/comments/pgi1vg/why_do_you_think_americans_are_obsessed_with_race/,Mixed,AskLatinAmerica
Why don't we hold the Copa America in the Malvinas and the winner gets the islands? We would solve many conflicts at once,https://www.reddit.com/r/asklatinamerica/comments/npf5x1/why_dont_we_hold_the_copa_america_in_the_malvinas/,Mixed,AskLatinAmerica
What do Latin Americans think of Italy no longer giving citizenship by descent?,https://www.reddit.com/r/asklatinamerica/comments/1jmyv2e/what_do_latin_americans_think_of_italy_no_longer/,Mixed,AskLatinAmerica
"What race do I look? Could I pass as ""white"" in your country?",https://www.reddit.com/r/asklatinamerica/comments/pmjldr/what_race_do_i_look_could_i_pass_as_white_in_your/,Mixed,AskLatinAmerica
How racist is your country?,https://www.reddit.com/r/asklatinamerica/comments/iyy4cy/how_racist_is_your_country/,Mixed,AskLatinAmerica
Why do parents call their kids ‚ÄúMalcriados‚Äù,https://www.reddit.com/r/asklatinamerica/comments/p01hux/why_do_parents_call_their_kids_malcriados/,Mixed,AskLatinAmerica
How do you feel about americans calling the US a third world country?,https://www.reddit.com/r/asklatinamerica/comments/lmvisk/how_do_you_feel_about_americans_calling_the_us_a/,Mixed,AskLatinAmerica
How do y‚Äôall feel about how China is recognized by FIFA to have the earliest form of football yet the Mayans did the same thousands of years earlier and it is not recognized?,https://www.reddit.com/r/asklatinamerica/comments/lqjkkc/how_do_yall_feel_about_how_china_is_recognized_by/,Mixed,AskLatinAmerica
Why is clubbing so boring in the first world?,https://www.reddit.com/r/asklatinamerica/comments/fa9lyw/why_is_clubbing_so_boring_in_the_first_world/,Mixed,AskLatinAmerica
What do you think of the Cavani scandal?,https://www.reddit.com/r/asklatinamerica/comments/kpmfio/what_do_you_think_of_the_cavani_scandal/,Mixed,AskLatinAmerica
Why does the sun on the Uruguay flag look so happy whereas the sun on the Argentina flag looks like it‚Äôs saying ‚ÄúBruh‚Äù?,https://www.reddit.com/r/asklatinamerica/comments/z7t710/why_does_the_sun_on_the_uruguay_flag_look_so/,Mixed,AskLatinAmerica
Why does it seem that many people refuse to believe in the testimonies of Cubans and Venezuelans that escaped their countries' regimes? Cubans and Venezuelans: have you experienced this?,https://www.reddit.com/r/asklatinamerica/comments/m7aukf/why_does_it_seem_that_many_people_refuse_to/,Mixed,AskLatinAmerica
What‚Äôs a BIG NO NO in your country?,https://www.reddit.com/r/asklatinamerica/comments/k4m7hv/whats_a_big_no_no_in_your_country/,Mixed,AskLatinAmerica
What the dumbest thing that a foreigner said about your country?,https://www.reddit.com/r/asklatinamerica/comments/gku7xg/what_the_dumbest_thing_that_a_foreigner_said/,Mixed,AskLatinAmerica
How do you feel about spanglish?,https://www.reddit.com/r/asklatinamerica/comments/pykr9d/how_do_you_feel_about_spanglish/,Mixed,AskLatinAmerica
"How common is the ""tiger blanket"" in your country?",https://www.reddit.com/r/asklatinamerica/comments/o20usm/how_common_is_the_tiger_blanket_in_your_country/,Mixed,AskLatinAmerica
Why Latin Americans are more excited than Spanish people when I speak Spanish?,https://www.reddit.com/r/asklatinamerica/comments/124rckf/why_latin_americans_are_more_excited_than_spanish/,Mixed,AskLatinAmerica
What latino steriotypes annoy you?,https://www.reddit.com/r/asklatinamerica/comments/ylusnp/what_latino_steriotypes_annoy_you/,Mixed,AskLatinAmerica
"WhatsApp is very popular in Latin America. Since WhatsApp is updating its terms and conditions forcing users to give up more of their information, do you think this could affect WhatsApp in the medium term forcing users to find alternate platforms?",https://www.reddit.com/r/asklatinamerica/comments/ktsidx/whatsapp_is_very_popular_in_latin_america_since/,Mixed,AskLatinAmerica
"How do you feel about Americans who refer to themselves as ""Mexican"" or other nationalities without having ever stepped foot in the country?",https://www.reddit.com/r/asklatinamerica/comments/tgb2u7/how_do_you_feel_about_americans_who_refer_to/,Mixed,AskLatinAmerica
How do you feel about First Worlders who visit LATAM and complain about countries being too ''Americanized''?,https://www.reddit.com/r/asklatinamerica/comments/qov937/how_do_you_feel_about_first_worlders_who_visit/,Mixed,AskLatinAmerica
What's up with the Dragon Ball Z obsession?,https://www.reddit.com/r/asklatinamerica/comments/kv79lb/whats_up_with_the_dragon_ball_z_obsession/,Mixed,AskLatinAmerica
Why is it so hard for US born latinos to say they're American?,https://www.reddit.com/r/asklatinamerica/comments/ho5v49/why_is_it_so_hard_for_us_born_latinos_to_say/,Mixed,AskLatinAmerica
Why are we Latinos viewed as being so promiscuous? ,https://www.reddit.com/r/asklatinamerica/comments/1fa3fj2/why_are_we_latinos_viewed_as_being_so_promiscuous/,Mixed,AskLatinAmerica
Why do you think that the vaccination in Latin America is seen as a less politicized issue compared to Usa?,https://www.reddit.com/r/asklatinamerica/comments/roj25l/why_do_you_think_that_the_vaccination_in_latin/,Mixed,AskLatinAmerica
Why are Arab immigrants so well integrated in Latin America?,https://www.reddit.com/r/asklatinamerica/comments/1g5epw0/why_are_arab_immigrants_so_well_integrated_in/,Mixed,AskLatinAmerica
What are some cultural shocks you had while vising other Latin American countries?,https://www.reddit.com/r/asklatinamerica/comments/15kh2w8/what_are_some_cultural_shocks_you_had_while/,Mixed,AskLatinAmerica
What's an obscure fact about your country that not even most people from there know?,https://www.reddit.com/r/asklatinamerica/comments/rz2w1p/whats_an_obscure_fact_about_your_country_that_not/,Mixed,AskLatinAmerica
How will the assassination of the President of Haiti affect other Latin American countries?,https://www.reddit.com/r/asklatinamerica/comments/ofgp73/how_will_the_assassination_of_the_president_of/,Mixed,AskLatinAmerica
What is the reason that the gringos place such importance on race? I think that Latinos give more importance to the country where you come from.,https://www.reddit.com/r/asklatinamerica/comments/kgnyby/what_is_the_reason_that_the_gringos_place_such/,Mixed,AskLatinAmerica
How is Latin America the second most peaceful region in the world in all seriousness.,https://www.reddit.com/r/asklatinamerica/comments/o8j6in/how_is_latin_america_the_second_most_peaceful/,Mixed,AskLatinAmerica
What is the most famous Mandela effect example from your country?,https://www.reddit.com/r/asklatinamerica/comments/lvhy1q/what_is_the_most_famous_mandela_effect_example/,Mixed,AskLatinAmerica
What would you include in a fantasy world inspired by Latin America?,https://www.reddit.com/r/asklatinamerica/comments/nq9ic7/what_would_you_include_in_a_fantasy_world/,Mixed,AskLatinAmerica
How has your goverment embaressed you this week?,https://www.reddit.com/r/asklatinamerica/comments/m9539d/how_has_your_goverment_embaressed_you_this_week/,Mixed,AskLatinAmerica
"How popular was / is ""El chavo del ocho"" in your country?",https://www.reddit.com/r/asklatinamerica/comments/i4nl4u/how_popular_was_is_el_chavo_del_ocho_in_your/,Mixed,AskLatinAmerica
"What are the ""old people names"" in your country?",https://www.reddit.com/r/asklatinamerica/comments/llwlw1/what_are_the_old_people_names_in_your_country/,Mixed,AskLatinAmerica
How popular is Japanese food in your country? üáØüáµüç±,https://www.reddit.com/r/asklatinamerica/comments/m5jtbg/how_popular_is_japanese_food_in_your_country/,Mixed,AskLatinAmerica
What exactly is 31 Minutos?,https://www.reddit.com/r/asklatinamerica/comments/11p052a/what_exactly_is_31_minutos/,Mixed,AskLatinAmerica
What‚Äôs the worst Gringo/European public freak out you seen in your country?,https://www.reddit.com/r/asklatinamerica/comments/vpboru/whats_the_worst_gringoeuropean_public_freak_out/,Mixed,AskLatinAmerica
"What consequences will our region (especially South America) face if Argentina not only collapses, but doesn't recover?",https://www.reddit.com/r/asklatinamerica/comments/jd4jc3/what_consequences_will_our_region_especially/,Mixed,AskLatinAmerica
How do you feel about the fetishization of latin american women by basically every other group of people?,https://www.reddit.com/r/asklatinamerica/comments/e2hl3h/how_do_you_feel_about_the_fetishization_of_latin/,Mixed,AskLatinAmerica
"Why does basically every latin-american country call americans ""gringos"" but Argentina doesn't and calls them ""yanquis"" instead?",https://www.reddit.com/r/asklatinamerica/comments/k7htui/why_does_basically_every_latinamerican_country/,Mixed,AskLatinAmerica
What is a little-known fact you‚Äôve learned about your country this year?,https://www.reddit.com/r/asklatinamerica/comments/qpc1ox/what_is_a_littleknown_fact_youve_learned_about/,Mixed,AskLatinAmerica
What are the dumbest things people in your country take pride in?,https://www.reddit.com/r/asklatinamerica/comments/kozgr7/what_are_the_dumbest_things_people_in_your/,Mixed,AskLatinAmerica
What is something in your country or Latin America that foreigners over romanticize?,https://www.reddit.com/r/asklatinamerica/comments/k209v8/what_is_something_in_your_country_or_latin/,Mixed,AskLatinAmerica
"Why does Latin America have low suicide rates when compared to Europe and US, especially Northern Europe?",https://www.reddit.com/r/asklatinamerica/comments/hw6ad1/why_does_latin_america_have_low_suicide_rates/,Mixed,AskLatinAmerica
How to solve the australian issue?,https://www.reddit.com/r/asklatinamerica/comments/ek2bnp/how_to_solve_the_australian_issue/,Mixed,AskLatinAmerica
What's something about Latin America that you feel people have an unhealthy obsession with?,https://www.reddit.com/r/asklatinamerica/comments/rpstd1/whats_something_about_latin_america_that_you_feel/,Mixed,AskLatinAmerica
What is something that is genuinely better in Latin America than in the rest of the world?,https://www.reddit.com/r/asklatinamerica/comments/jx237z/what_is_something_that_is_genuinely_better_in/,Mixed,AskLatinAmerica
When will people from the USA stop treating Latin America like we just discovered fire?,https://www.reddit.com/r/asklatinamerica/comments/umyog3/when_will_people_from_the_usa_stop_treating_latin/,Mixed,AskLatinAmerica
What is socially acceptable in your country that would be horrifying in the US? Or vice versa?,https://www.reddit.com/r/asklatinamerica/comments/msyurm/what_is_socially_acceptable_in_your_country_that/,Mixed,AskLatinAmerica
What is you opinion on Christmas being so winter themed?,https://www.reddit.com/r/asklatinamerica/comments/rjf6rm/what_is_you_opinion_on_christmas_being_so_winter/,Mixed,AskLatinAmerica
What kind of questions at this sub makes you roll your eyes?,https://www.reddit.com/r/asklatinamerica/comments/lk4hot/what_kind_of_questions_at_this_sub_makes_you_roll/,Mixed,AskLatinAmerica
"What is the most annoying stereotype you think Hollywood (and in general, USA TV shows) says about Latinamerica?",https://www.reddit.com/r/asklatinamerica/comments/gbditd/what_is_the_most_annoying_stereotype_you_think/,Mixed,AskLatinAmerica
How can you tell apart a USA raised Latinamerican person from a Latinamerican person?,https://www.reddit.com/r/asklatinamerica/comments/ivcx6v/how_can_you_tell_apart_a_usa_raised_latinamerican/,Mixed,AskLatinAmerica
How do you feel about Brazil now requiring US citizens to have a visa and 2000 dollars to enter the country?,https://www.reddit.com/r/asklatinamerica/comments/1jzv1gl/how_do_you_feel_about_brazil_now_requiring_us/,Mixed,AskLatinAmerica
Why does Uruguay have a large amount of its citizens living in other countries if it has the one of best democratic systems in the Americas?,https://www.reddit.com/r/asklatinamerica/comments/mtftlk/why_does_uruguay_have_a_large_amount_of_its/,Mixed,AskLatinAmerica
How do you say ‚Äútiendita‚Äù in each Spanish speaking country?,https://www.reddit.com/r/asklatinamerica/comments/m2hb20/how_do_you_say_tiendita_in_each_spanish_speaking/,Mixed,AskLatinAmerica
Why is there a notion in Mexico that Mexican people come from Aztecs and Mayans when the majority of Mexican come from other indigenous tribes?,https://www.reddit.com/r/asklatinamerica/comments/1ilvffl/why_is_there_a_notion_in_mexico_that_mexican/,Mixed,AskLatinAmerica
What's the relationship your country has with coffee?,https://www.reddit.com/r/asklatinamerica/comments/n7qqt6/whats_the_relationship_your_country_has_with/,Mixed,AskLatinAmerica
What is something that the majority of Reddit gets wrong about your country?,https://www.reddit.com/r/asklatinamerica/comments/m5sppa/what_is_something_that_the_majority_of_reddit/,Mixed,AskLatinAmerica
Why is there so much hostility towards Americans of Latin American descent on this sub?,https://www.reddit.com/r/asklatinamerica/comments/iwksbv/why_is_there_so_much_hostility_towards_americans/,Mixed,AskLatinAmerica
Why do so many Latin Americans end up moving to Spain even though the country has a huge unemployment problem?,https://www.reddit.com/r/asklatinamerica/comments/nu8mjw/why_do_so_many_latin_americans_end_up_moving_to/,Mixed,AskLatinAmerica
What are your thoughts on this video of Latinos taking a DNA test and questioning the results? Why do you think there seems to be an aversion to European heritage amongst US Latinos but European heritage isn't stigmatized in Latin America for the most part?,https://www.reddit.com/r/asklatinamerica/comments/yzbb0c/what_are_your_thoughts_on_this_video_of_latinos/,Mixed,AskLatinAmerica
Why is Costa Rica such a stable democracy?,https://www.reddit.com/r/asklatinamerica/comments/nptvpz/why_is_costa_rica_such_a_stable_democracy/,Mixed,AskLatinAmerica
How LGBT friendly is your country?,https://www.reddit.com/r/asklatinamerica/comments/lenfwf/how_lgbt_friendly_is_your_country/,Mixed,AskLatinAmerica
What‚Äôs an immigrant group in your country that people from outside the country would be surprised to learn about?,https://www.reddit.com/r/asklatinamerica/comments/r6nypq/whats_an_immigrant_group_in_your_country_that/,Mixed,AskLatinAmerica
Why do we have mods from the US and European countries in this subreddit? Is this what digital neo-colonialism looks like?,https://www.reddit.com/r/asklatinamerica/comments/pr2u85/why_do_we_have_mods_from_the_us_and_european/,Mixed,AskLatinAmerica
What stereotypes about your country or Latin America in general do you consider offensive?,https://www.reddit.com/r/asklatinamerica/comments/huanq9/what_stereotypes_about_your_country_or_latin/,Mixed,AskLatinAmerica
"Why do Mexicans use shampoo so frequently, and why do Brazilians shower so often?",https://www.reddit.com/r/asklatinamerica/comments/k2om0m/why_do_mexicans_use_shampoo_so_frequently_and_why/,Mixed,AskLatinAmerica
What's the worst stereotype about your country that really gets on your nerves?,https://www.reddit.com/r/asklatinamerica/comments/quhpo4/whats_the_worst_stereotype_about_your_country/,Mixed,AskLatinAmerica
What region of your country generates most of your country stereotypes?,https://www.reddit.com/r/asklatinamerica/comments/l6r1us/what_region_of_your_country_generates_most_of/,Mixed,AskLatinAmerica
What is the most ethnically diverse country in Latin America?,https://www.reddit.com/r/asklatinamerica/comments/jp1rgk/what_is_the_most_ethnically_diverse_country_in/,Mixed,AskLatinAmerica
"What are some ""normal but innapropiate"" names in spanish?",https://www.reddit.com/r/asklatinamerica/comments/hsfrfd/what_are_some_normal_but_innapropiate_names_in/,Mixed,AskLatinAmerica
Why are Mexican players so bad despite they being a football nation with the second largest population in Latin America?,https://www.reddit.com/r/asklatinamerica/comments/ujfqq3/why_are_mexican_players_so_bad_despite_they_being/,Mixed,AskLatinAmerica
What is your country‚Äôs craziest news headline?,https://www.reddit.com/r/asklatinamerica/comments/niidd4/what_is_your_countrys_craziest_news_headline/,Mixed,AskLatinAmerica
Why has Ecuadaor just announced 27% tariffs on Mexican goods?,https://www.reddit.com/r/asklatinamerica/comments/1igx57v/why_has_ecuadaor_just_announced_27_tariffs_on/,Mixed,AskLatinAmerica
What are the most outrageous/outrageously funny headlines that a mainstream news outlet has published in your countries?,https://www.reddit.com/r/asklatinamerica/comments/ksn76w/what_are_the_most_outrageousoutrageously_funny/,Mixed,AskLatinAmerica
What is awesome in your country that is taken for granted?,https://www.reddit.com/r/asklatinamerica/comments/11kzn3h/what_is_awesome_in_your_country_that_is_taken_for/,Mixed,AskLatinAmerica
What's the craziest thing a president in your country has ever said or announced?,https://www.reddit.com/r/asklatinamerica/comments/zkbl3l/whats_the_craziest_thing_a_president_in_your/,Mixed,AskLatinAmerica
"Howdy, y'all! Cultural Exchange with /r/AskAnAmerican",https://www.reddit.com/r/asklatinamerica/comments/kt2y5x/howdy_yall_cultural_exchange_with_raskanamerican/,Mixed,AskLatinAmerica
"Why is Latin America stereotyped as being ""conservative and traditional""?",https://www.reddit.com/r/asklatinamerica/comments/1gmblrr/why_is_latin_america_stereotyped_as_being/,Mixed,AskLatinAmerica
What is the most elitist/classist thing you've experienced?,https://www.reddit.com/r/asklatinamerica/comments/kyr3dw/what_is_the_most_elitistclassist_thing_youve/,Mixed,AskLatinAmerica
How differently do you think this subreddit would be if it didn't mostly consist of Argentines and Brazilians?,https://www.reddit.com/r/asklatinamerica/comments/mcemw7/how_differently_do_you_think_this_subreddit_would/,Mixed,AskLatinAmerica
What aspect about your country makes you cringe?,https://www.reddit.com/r/asklatinamerica/comments/k93sf8/what_aspect_about_your_country_makes_you_cringe/,Mixed,AskLatinAmerica
"What do you think of people who say ""I'm not racist I'm from latin america"" or ""I'm not white I'm latino""?",https://www.reddit.com/r/asklatinamerica/comments/nti6ef/what_do_you_think_of_people_who_say_im_not_racist/,Mixed,AskLatinAmerica
"What non-Latino famous person surprised you with their impeccable Spanish, French or Portuguese?",https://www.reddit.com/r/asklatinamerica/comments/zj88gt/what_nonlatino_famous_person_surprised_you_with/,Mixed,AskLatinAmerica
What depresses you the most about your country?,https://www.reddit.com/r/asklatinamerica/comments/oz3uvh/what_depresses_you_the_most_about_your_country/,Mixed,AskLatinAmerica
Why do so many Latinos still act as if racism isn't a thing in our countries?,https://www.reddit.com/r/asklatinamerica/comments/x4dwwo/why_do_so_many_latinos_still_act_as_if_racism/,Mixed,AskLatinAmerica
Why does Argentina have so many political parties?,https://www.reddit.com/r/asklatinamerica/comments/nmyegk/why_does_argentina_have_so_many_political_parties/,Mixed,AskLatinAmerica
What are your favourite Podcasts in Spanish?,https://www.reddit.com/r/asklatinamerica/comments/l5lbhc/what_are_your_favourite_podcasts_in_spanish/,Mixed,AskLatinAmerica
What latin american stereotype you cannot consciously stop believing,https://www.reddit.com/r/asklatinamerica/comments/japav8/what_latin_american_stereotype_you_cannot/,Mixed,AskLatinAmerica
Why a lot of latin americans that move to the USA apparently tend to be more conservative than the ones moving to other places?,https://www.reddit.com/r/asklatinamerica/comments/zptt4c/why_a_lot_of_latin_americans_that_move_to_the_usa/,Mixed,AskLatinAmerica
What are some cute native animals from your country?,https://www.reddit.com/r/asklatinamerica/comments/l3r31r/what_are_some_cute_native_animals_from_your/,Mixed,AskLatinAmerica
"Why is Latin America less ""repulsed"" by China's government?",https://www.reddit.com/r/asklatinamerica/comments/1ifk605/why_is_latin_america_less_repulsed_by_chinas/,Mixed,AskLatinAmerica
What's something trivial that First Worlders complain about that would be a non-issue in your country?,https://www.reddit.com/r/asklatinamerica/comments/s03skw/whats_something_trivial_that_first_worlders/,Mixed,AskLatinAmerica
Why is everyone so friendly to me with my limited Spanish?,https://www.reddit.com/r/asklatinamerica/comments/18aps46/why_is_everyone_so_friendly_to_me_with_my_limited/,Mixed,AskLatinAmerica
Why are so many latins supporting Russia?,https://www.reddit.com/r/asklatinamerica/comments/t1zyva/why_are_so_many_latins_supporting_russia/,Mixed,AskLatinAmerica
What innocent opinion divides the population in two camps?,https://www.reddit.com/r/asklatinamerica/comments/mya3m1/what_innocent_opinion_divides_the_population_in/,Mixed,AskLatinAmerica
What is the lore of this sub? Who created it? have there been big polemics or memorable moments?,https://www.reddit.com/r/asklatinamerica/comments/ozkg6b/what_is_the_lore_of_this_sub_who_created_it_have/,Mixed,AskLatinAmerica
What nationalities (or types of people within a nationality) tend to be the most annoying or cringiest on the Internet?,https://www.reddit.com/r/asklatinamerica/comments/tv98li/what_nationalities_or_types_of_people_within_a/,Mixed,AskLatinAmerica
What does Portuguese sound like to Spanish speakers?,https://www.reddit.com/r/asklatinamerica/comments/th2tak/what_does_portuguese_sound_like_to_spanish/,Mixed,AskLatinAmerica
Why does Brazil and Argentina have such a high Italian immigrant population compared to the rest of Latin America?,https://www.reddit.com/r/asklatinamerica/comments/ka2s54/why_does_brazil_and_argentina_have_such_a_high/,Mixed,AskLatinAmerica
"What region/state is the 'Florida"" of your country ??",https://www.reddit.com/r/asklatinamerica/comments/huqltg/what_regionstate_is_the_florida_of_your_country/,Mixed,AskLatinAmerica
What others Latin America‚Äôs Countries Think About Brazil?,https://www.reddit.com/r/asklatinamerica/comments/fdjjen/what_others_latin_americas_countries_think_about/,Mixed,AskLatinAmerica
Why does it seem like there's more sympathy for Palestine than Ukraine in Latin American countries?,https://www.reddit.com/r/asklatinamerica/comments/1i8kuig/why_does_it_seem_like_theres_more_sympathy_for/,Mixed,AskLatinAmerica
What‚Äôs the deal with Hispanics giving Puerto Ricans and Dominicans hard time for the way they speak Spanish? Are they that difficult to understand.,https://www.reddit.com/r/asklatinamerica/comments/qedl1q/whats_the_deal_with_hispanics_giving_puerto/,Mixed,AskLatinAmerica
"What is like to have another country, in the same continent, that speaks the same language as yours?",https://www.reddit.com/r/asklatinamerica/comments/neqgsc/what_is_like_to_have_another_country_in_the_same/,Mixed,AskLatinAmerica
What's something us Europeans do or say that you find cringe as a Latin American?,https://www.reddit.com/r/asklatinamerica/comments/1ej4f1o/whats_something_us_europeans_do_or_say_that_you/,Mixed,AskLatinAmerica
What are some words in your language that were big and with time became small?,https://www.reddit.com/r/asklatinamerica/comments/nj78ze/what_are_some_words_in_your_language_that_were/,Mixed,AskLatinAmerica
Why does the U.S have a very particular cherry-picked version of Latin American culture?,https://www.reddit.com/r/asklatinamerica/comments/hagfao/why_does_the_us_have_a_very_particular/,Mixed,AskLatinAmerica
"What situation, circumstance, fact etc,. that all Latin Americans can relate to?",https://www.reddit.com/r/asklatinamerica/comments/jvk6xe/what_situation_circumstance_fact_etc_that_all/,Mixed,AskLatinAmerica
How do you call titty fuck in your country?,https://www.reddit.com/r/asklatinamerica/comments/13xs225/how_do_you_call_titty_fuck_in_your_country/,Mixed,AskLatinAmerica
What words and phrases are often used in dubbed series/movies but never in real life?,https://www.reddit.com/r/asklatinamerica/comments/j9as25/what_words_and_phrases_are_often_used_in_dubbed/,Mixed,AskLatinAmerica
What is something that you thought everyone in LatAm did but learned in this sub is unique to your country?,https://www.reddit.com/r/asklatinamerica/comments/hhkri6/what_is_something_that_you_thought_everyone_in/,Mixed,AskLatinAmerica
Why Latin American houses are colorful ? Is there a story behind these colors ?,https://www.reddit.com/r/asklatinamerica/comments/jhs9vd/why_latin_american_houses_are_colorful_is_there_a/,Mixed,AskLatinAmerica
What do Colombians think of gringos getting Pablo Escobar tattoos?,https://www.reddit.com/r/asklatinamerica/comments/j62a78/what_do_colombians_think_of_gringos_getting_pablo/,Mixed,AskLatinAmerica
"Why has xenophobia increased in Latin America? There has always been issues with foreigners, but not at the levels seen today. What are the reasons for this situation?",https://www.reddit.com/r/asklatinamerica/comments/m33t0n/why_has_xenophobia_increased_in_latin_america/,Mixed,AskLatinAmerica
What do Latin Americans think about videos like these made by YouTubers?,https://www.reddit.com/r/asklatinamerica/comments/120qbdf/what_do_latin_americans_think_about_videos_like/,Mixed,AskLatinAmerica
How do you say ‚ÄúI don‚Äôt give a f*ck‚Äù in your country?,https://www.reddit.com/r/asklatinamerica/comments/wzw9c6/how_do_you_say_i_dont_give_a_fck_in_your_country/,Mixed,AskLatinAmerica
What is your favorite junk food snack from your country?,https://www.reddit.com/r/asklatinamerica/comments/ltm1z6/what_is_your_favorite_junk_food_snack_from_your/,Mixed,AskLatinAmerica
Why has Argentina become so expensive?,https://www.reddit.com/r/asklatinamerica/comments/1ixzrij/why_has_argentina_become_so_expensive/,Mixed,AskLatinAmerica
What is the worst insult they can say to you in Latin America or Europe?,https://www.reddit.com/r/asklatinamerica/comments/oxveah/what_is_the_worst_insult_they_can_say_to_you_in/,Mixed,AskLatinAmerica
What are some major tourist traps in your country/region and what precautions can you take to avoid them?,https://www.reddit.com/r/asklatinamerica/comments/m188n5/what_are_some_major_tourist_traps_in_your/,Mixed,AskLatinAmerica
"Why is ""Everybody Hates Chris"" more appreciated in Brazil than in the US despite being an American show?",https://www.reddit.com/r/asklatinamerica/comments/fn5lkh/why_is_everybody_hates_chris_more_appreciated_in/,Mixed,AskLatinAmerica
What's something about Anglo countries that your find plain weird?,https://www.reddit.com/r/asklatinamerica/comments/zhycvm/whats_something_about_anglo_countries_that_your/,Mixed,AskLatinAmerica
What's a topic that a foreigner that comes to visit your country should not talk about with locals?,https://www.reddit.com/r/asklatinamerica/comments/qcw04i/whats_a_topic_that_a_foreigner_that_comes_to/,Mixed,AskLatinAmerica
What was Venezuela like before Chavez?,https://www.reddit.com/r/asklatinamerica/comments/n5m8oc/what_was_venezuela_like_before_chavez/,Mixed,AskLatinAmerica
What do you guys think about this thread talking about ethnicity in Argentina regarding the world cup?,https://www.reddit.com/r/asklatinamerica/comments/zqr5md/what_do_you_guys_think_about_this_thread_talking/,Mixed,AskLatinAmerica
What was the worst/stupid question someone asked you because you're from Latin America?,https://www.reddit.com/r/asklatinamerica/comments/1grzmcg/what_was_the_worststupid_question_someone_asked/,Mixed,AskLatinAmerica
"What are your thoughts on comparing colonization in the Philippines, India, Asia and Africa to that in Latin America?",https://www.reddit.com/r/asklatinamerica/comments/1j5e350/what_are_your_thoughts_on_comparing_colonization/,Mixed,AskLatinAmerica
Why did Horchata become so popular in Latin America?,https://www.reddit.com/r/asklatinamerica/comments/1ie5frk/why_did_horchata_become_so_popular_in_latin/,Mixed,AskLatinAmerica
What is the difference in gang violence in Latin America? ,https://www.reddit.com/r/asklatinamerica/comments/1hhk4z8/what_is_the_difference_in_gang_violence_in_latin/,Mixed,AskLatinAmerica
What are the most significant success stories of left-wing governments in Latin America in recent years?,https://www.reddit.com/r/asklatinamerica/comments/1gv6pr3/what_are_the_most_significant_success_stories_of/,Mixed,AskLatinAmerica
What‚Äôs it like to be vegan in Latin America?,https://www.reddit.com/r/asklatinamerica/comments/1inj7bv/whats_it_like_to_be_vegan_in_latin_america/,Mixed,AskLatinAmerica
How are friendships dynamics different in Latin America compared to The USA?,https://www.reddit.com/r/asklatinamerica/comments/1gnayq0/how_are_friendships_dynamics_different_in_latin/,Mixed,AskLatinAmerica
What is the best thing about Latin America?,https://www.reddit.com/r/asklatinamerica/comments/165w8zj/what_is_the_best_thing_about_latin_america/,Mixed,AskLatinAmerica
How are Asians born and raised in Latin America seen? ,https://www.reddit.com/r/asklatinamerica/comments/1d8iggz/how_are_asians_born_and_raised_in_latin_america/,Mixed,AskLatinAmerica
What Would a Zombie Apocalypse Look Like in Latin America?,https://www.reddit.com/r/asklatinamerica/comments/1ghof8s/what_would_a_zombie_apocalypse_look_like_in_latin/,Mixed,AskLatinAmerica
Why is there no notable brands from Latin America?,https://www.reddit.com/r/asklatinamerica/comments/16xnaxo/why_is_there_no_notable_brands_from_latin_america/,Mixed,AskLatinAmerica
What is your take on the automatic birthright citizenship (jus soli) in Latin America?,https://www.reddit.com/r/asklatinamerica/comments/jb3nha/what_is_your_take_on_the_automatic_birthright/,Mixed,AskLatinAmerica
Why is there so much violence in Latin America?,https://www.reddit.com/r/asklatinamerica/comments/exe64u/why_is_there_so_much_violence_in_latin_america/,Mixed,AskLatinAmerica
What Would an Alien Invasion/Attack in Latin America Look Like?,https://www.reddit.com/r/asklatinamerica/comments/1g0whbl/what_would_an_alien_invasionattack_in_latin/,Mixed,AskLatinAmerica
How would Latin America would be like today if it embraced Islam?,https://www.reddit.com/r/asklatinamerica/comments/10ow7wb/how_would_latin_america_would_be_like_today_if_it/,Mixed,AskLatinAmerica
What would it take for you to seriously consider leaving Latin America?,https://www.reddit.com/r/asklatinamerica/comments/mvu5km/what_would_it_take_for_you_to_seriously_consider/,Mixed,AskLatinAmerica
Why is the USA so popular in Latin America?,https://www.reddit.com/r/asklatinamerica/comments/1fi7zd6/why_is_the_usa_so_popular_in_latin_america/,Mixed,AskLatinAmerica
What Makes US-Ians Appear To Be Race-Obsessed to Latin Americans?,https://www.reddit.com/r/asklatinamerica/comments/1jcdlve/what_makes_usians_appear_to_be_raceobsessed_to/,Mixed,AskLatinAmerica
"What are some of the bigger ""rivalries"" in Latin America?",https://www.reddit.com/r/asklatinamerica/comments/t61x6c/what_are_some_of_the_bigger_rivalries_in_latin/,Mixed,AskLatinAmerica
How do Latin Americans identify themselves?,https://www.reddit.com/r/asklatinamerica/comments/1jam1pr/how_do_latin_americans_identify_themselves/,Mixed,AskLatinAmerica
How do you go about talking to someone who downplays or supports America's involvement in Latin America's conflicts/politics?,https://www.reddit.com/r/asklatinamerica/comments/f2lg4l/how_do_you_go_about_talking_to_someone_who/,Mixed,AskLatinAmerica
Why is Latin America poor? (See text.),https://www.reddit.com/r/asklatinamerica/comments/8wp21t/why_is_latin_america_poor_see_text/,Mixed,AskLatinAmerica
"What is life like in the ""rich"" countries of Latin America?",https://www.reddit.com/r/asklatinamerica/comments/9yt2tq/what_is_life_like_in_the_rich_countries_of_latin/,Mixed,AskLatinAmerica
"How popular is Maluma, J Balvin, Bad Bunny in Latin America? What you all think of them?",https://www.reddit.com/r/asklatinamerica/comments/v8p0f1/how_popular_is_maluma_j_balvin_bad_bunny_in_latin/,Mixed,AskLatinAmerica
What is one thing this subreddit gets wrong about Latin America?,https://www.reddit.com/r/asklatinamerica/comments/j1ehre/what_is_one_thing_this_subreddit_gets_wrong_about/,Mixed,AskLatinAmerica
Why isn't New Mexico considered part of Latin America?,https://www.reddit.com/r/asklatinamerica/comments/ahzo8a/why_isnt_new_mexico_considered_part_of_latin/,Mixed,AskLatinAmerica
Why does Ask Latin America speak almost exclusively in English?,https://www.reddit.com/r/asklatinamerica/comments/rsazvc/why_does_ask_latin_america_speak_almost/,Mixed,AskLatinAmerica
What's the longest distance you've traveled by rail within your country and/or Latin America as a whole?,https://www.reddit.com/r/asklatinamerica/comments/kcm7ja/whats_the_longest_distance_youve_traveled_by_rail/,Mixed,AskLatinAmerica
How Ubiquitous Is Reggaeton In Latin America These Days?,https://www.reddit.com/r/asklatinamerica/comments/k3f856/how_ubiquitous_is_reggaeton_in_latin_america/,Mixed,AskLatinAmerica
What country do you think has the most beatutiful women in Latin America? What part of YOUR country has the most beautiful women?,https://www.reddit.com/r/asklatinamerica/comments/bf5kp0/what_country_do_you_think_has_the_most_beatutiful/,Mixed,AskLatinAmerica
What is someting (or someone) overlooked in Latin America? (research question guidence),https://www.reddit.com/r/asklatinamerica/comments/k92wby/what_is_someting_or_someone_overlooked_in_latin/,Mixed,AskLatinAmerica
How insensitive is Latin America towards violence,https://www.reddit.com/r/asklatinamerica/comments/ofplqk/how_insensitive_is_latin_america_towards_violence/,Mixed,AskLatinAmerica
"Why you struggle so much to understand that ""Latin America"" is a mere geographic concept used 100% of the time in socio-economic context instead of a identitarian concept?",https://www.reddit.com/r/asklatinamerica/comments/pynkzg/why_you_struggle_so_much_to_understand_that_latin/,Mixed,AskLatinAmerica
What Mercosur/Mercosul could be if we worked together üá¶üá∑üáßüá∑üáßüá¥üáµüáæüá∫üáæ,https://i.redd.it/2pibgznetbr81.jpg,Mixed,LatinAmerica
"What ""bicho"" means in Latin America. Puerto Rico: üëÅÔ∏èüëÑüëÅÔ∏è",https://i.redd.it/mbv97x6u1qy81.jpg,Mixed,LatinAmerica
How they say ''drinking straw'' in Latin America,https://i.imgur.com/TzRAua2.png,Mixed,LatinAmerica
How capybaras are named around South America.,https://i.redd.it/gdyy8wk9bqn71.jpg,Mixed,LatinAmerica
How do y'all feel about Mexico's new jersey?,https://i.redd.it/cfz6n3l3znk91.jpg,Mixed,LatinAmerica
What first-level subdivisions are called in each country of the Americas,https://i.redd.it/5264f7ktgli61.png,Mixed,LatinAmerica
What they call beans in Latin America,https://i.imgur.com/uBqem8n.png,Mixed,LatinAmerica
"What does ""Coger"" mean in Hispanic world",https://i.redd.it/e8i3nlex7t561.jpg,Mixed,LatinAmerica
How they say ''Fridge'' in Latin America,https://i.imgur.com/uzMxI7F.jpg,Mixed,LatinAmerica
"When you think about South American beaches, Colombia, Venezuela, Brazil and others, usually come to mind, but these are the beautiful river beaches of Paraguay, in the city of Encarnacion.",https://www.reddit.com/gallery/lzcsih,Mixed,LatinAmerica
What do they call facemasks in Hispanic America:,https://i.imgur.com/bbUxfrv.png,Mixed,LatinAmerica
How they say cellphone in Latin America vs Spain,http://i.redd.it/uz5n1qs4krb61.png,Mixed,LatinAmerica
What do you say when you flip a coin in Ibero America?,https://i.imgur.com/tOacA4e.png,Mixed,LatinAmerica
What they call bananas in different Spanish dialects,https://i.imgur.com/BVCV0fm.jpg,Mixed,LatinAmerica
What the people search in the google about latin america?,https://i.redd.it/6upddnjyee991.png,Mixed,LatinAmerica
What they call ''W'' in Hispanic America,https://i.imgur.com/0KZ2Bnr.png,Mixed,LatinAmerica
How did each South American region vote in its most recent presidential election?,https://i.redd.it/c1tum8dl606a1.png,Mixed,LatinAmerica
What they call beets in Hispanic America,https://i.imgur.com/SUWPUPS.png,Mixed,LatinAmerica
¬øWhich region would you give?,https://i.redd.it/irz8pxsrd4q81.jpg,Mixed,LatinAmerica
How they say ''Ladybug'' in Latin America & Caribbean,https://i.imgur.com/7AZUjZx.png,Mixed,LatinAmerica
How do you guys explain such high suicide rates in Uruguay ?,https://i.redd.it/rtqpom8xgva81.jpg,Mixed,LatinAmerica
"When someone says Argentina is not Latin America, show them this.",https://i.redd.it/t6g7dvkiw3q51.jpg,Mixed,LatinAmerica
How they say light bulb in Hispanic America,https://i.imgur.com/8jGWIWc.png,Mixed,LatinAmerica
How do you call this material ~~and why you are calling it wrong~~,https://i.redd.it/2sowc6pdrsd91.jpg,Mixed,LatinAmerica
Why do you that most of our countries rely on raw materials?,https://i.redd.it/e949lc44mvga1.jpg,Mixed,LatinAmerica
What they call glasses in Hispanic America,https://i.imgur.com/2wapPmf.png,Mixed,LatinAmerica
Why is this forum in English? Just a question...,https://www.reddit.com/r/LatinAmerica/comments/ekyg7p/why_is_this_forum_in_english_just_a_question/,Mixed,LatinAmerica
Why is Latin America‚Äôs birth rate declining? ¬∑ Global Voices,https://globalvoices.org/2024/12/11/why-is-latin-americas-birth-rate-declining/,Mixed,LatinAmerica
How much is ETSY used in Latin America,https://www.reddit.com/r/LatinAmerica/comments/1i6pzer/how_much_is_etsy_used_in_latin_america/,Mixed,LatinAmerica
"What are the symbols of Latin America, in your opinion?",https://www.reddit.com/r/LatinAmerica/comments/1g50wrl/what_are_the_symbols_of_latin_america_in_your/,Mixed,LatinAmerica
How an Ex-Leader Holds a Nation Hostage: The Hidden Crisis in Latin America,https://youtube.com/watch?v=65ZRTUgUrU4&si=2OAQDTsbKz3gT-Sc,Mixed,LatinAmerica
Why Netflix Is Betting Big on Latin America | The Circuit,https://youtu.be/jzILJXKa66I?si=pXDtx8SDd3Wgdu9n,Mixed,LatinAmerica
How to move to Latin America,https://www.reddit.com/r/LatinAmerica/comments/1cusxo8/how_to_move_to_latin_america/,Mixed,LatinAmerica
How they say ''faucet'' or ''tap'' in Latin America,https://i.imgur.com/pnM0HI8.png,Mixed,LatinAmerica
¬ø a cuanta gente triggearia si la bandera Mexicana llegara r/all ?,http://www.gob.mx/cms/uploads/article/main_image/10832/IMG_0067.jpg,Mixed,Mexico
¬øQuien creen que ser√° el ganador de las elecciones en Estados Unidos?,https://i.redd.it/5z2kco7027zd1.jpeg,Mixed,Mexico
¬øS√≠ o no banda?,https://i.redd.it/ogqjc4konwne1.jpeg,Mixed,Mexico
¬øEsta bien o mal lo que hace?,https://i.redd.it/m0gi8jrmrklc1.jpeg,Mixed,Mexico
¬øAlg√∫n redditero estuvo en ese momento? Que nos cuente su experiencia.,https://i.redd.it/t3g0808snzoa1.jpg,Mixed,Mexico
Qu√© bonito que el odio entre M√©xico y los dem√°s pa√≠ses s√≥lo es en Internet,https://i.redd.it/occak53uigtb1.jpg,Mixed,Mexico
Qu√© trabajos hacen los shrexicans?? Empiezo yo -Revendedor de pasteles de costco,https://i.redd.it/qcksklajaaac1.png,Mixed,Mexico
¬øLes llegaron a hacer eso? üò≥,https://i.redd.it/k2rguw5y00ee1.jpeg,Mixed,Mexico
¬øQu√© clase de M√©xico es este?,https://v.redd.it/qed3jwvr8dt61,Mixed,Mexico
¬øQuien mas?,https://i.redd.it/0wnpfyb0eqta1.jpg,Mixed,Mexico
¬øQue podcasts les gusta escuchar?,https://i.redd.it/kj0t0vg0m3h91.png,Mixed,Mexico
¬øY si upvoteamos unos tacos para llegar a r/all ?,https://thetacotrail.files.wordpress.com/2013/10/photo3.jpg,Mixed,Mexico
¬øLes paso alguna vez?,https://i.redd.it/w5hki0l2ehj61.jpg,Mixed,Mexico
¬øQue tan cierto es el mame de que en M√©xico odian al chavo del 8?.,https://i.redd.it/uu91ut8rwnnb1.jpg,Mixed,Mexico
¬øQue relojes usan ustedes?,https://i.redd.it/spcuf2v41lre1.jpeg,Mixed,Mexico
¬øAlguno de ustedes tuvo una pareja que viv√≠a en una zona jodida? Cuenten sus historias.,https://i.redd.it/5mf9cazy3reb1.png,Mixed,Mexico
¬øA qu√© pa√≠s es mejor migrar?,https://i.redd.it/e0pxvtyce26d1.jpeg,Mixed,Mexico
¬øCuales son los nombres m√°s culeros qu√© han escuchado?,https://i.redd.it/10f7p3346ine1.jpeg,Mixed,Mexico
¬øOpiniones? ,https://v.redd.it/ifoxv6rrb75d1,Mixed,Mexico
¬øTuvieron alg√∫n compa√±ero de clases que hizo eso?,https://i.redd.it/gdxrboz2it0d1.png,Mixed,Mexico
How Can I as a Non-Hispanic RESPECTFULLY Celebrate Dia de los Muertos?,https://www.reddit.com/r/mexico/comments/j1954e/how_can_i_as_a_nonhispanic_respectfully_celebrate/,Mixed,Mexico
Why are Asian girls very much into Latino males?,https://www.reddit.com/r/mexico/comments/176d9h3/why_are_asian_girls_very_much_into_latino_males/,Mixed,Mexico
How come even in crime-filled regions and groups it seems a pattern that light-skinned Latinos (particularly fair skin) behave better despite coming from screw up criminal dark skinned families? Esp females?Including both legit and illegal migrants? Like they are brainwashed to think white is GOOD?,https://www.reddit.com/r/mexico/comments/jmaoqk/how_come_even_in_crimefilled_regions_and_groups/,Mixed,Mexico
What kinds of immigrants does Mexico have?,https://www.reddit.com/r/mexico/comments/bwlfvk/what_kinds_of_immigrants_does_mexico_have/,Mixed,Mexico
How common are Mazda vehicles in Mexico?,https://www.reddit.com/r/mexico/comments/74jq2m/how_common_are_mazda_vehicles_in_mexico/,Mixed,Mexico
Why Is Latin America still Poor,https://youtu.be/XXhEjvWDuds,Mixed,Mexico
¬øQu√© acento de Latinoam√©rica es el m√°s culer0?,https://i.redd.it/60ejdsh882gc1.jpeg,Mixed,Mexico
What the average Mexican thinks about the other nations in Latin America?,https://www.reddit.com/r/mexico/comments/5oirmq/what_the_average_mexican_thinks_about_the_other/,Mixed,Mexico
How come Mexico has had several native presidents when most Latin America countries have had none?,https://www.reddit.com/r/mexico/comments/vhf4r6/how_come_mexico_has_had_several_native_presidents/,Mixed,Mexico
Why Latin America‚Äôs left loves the petroleum economy - The Economist,https://www.reddit.com/r/mexico/comments/d8o0zr/why_latin_americas_left_loves_the_petroleum/,Mixed,Mexico
What Latin America Can Teach About Political Instability ‚Äî Hampton Institute,https://www.hamptonthink.org/read/what-latin-america-can-teach-about-political-instability,Mixed,Mexico
Why L√≥pez Obrador‚Äôs Mexico is stable in protest-prone Latin America,https://www.ft.com/content/552951be-7e8f-4fbc-a85d-7814cc519265,Mixed,Mexico
Why do I see Avenues named after dates on a calendar in Mexico and other parts of Latin America? Why do I never see that in the United States and anywhere else?,https://www.reddit.com/r/mexico/comments/r8imcg/why_do_i_see_avenues_named_after_dates_on_a/,Mixed,Mexico
What books or online resources do you recommend to learn about how the U.S. government/CIA organized shipments of weapons and drugs into Latin America that ended up creating Mexico's drug cartel problem?,https://www.reddit.com/r/mexico/comments/hfeez4/what_books_or_online_resources_do_you_recommend/,Mixed,Mexico
"Why Latin America (Mexico, Central America, Ecuador, etc) have higher violent crime even more then Africa (central Africa republic, Nigeria, or S. Africa)?",https://www.reddit.com/r/mexico/comments/tnn0vs/why_latin_america_mexico_central_america_ecuador/,Mixed,Mexico
How many places in Latin America do you believe are haunted due to cartel violence?,https://www.reddit.com/r/mexico/comments/ffjzrs/how_many_places_in_latin_america_do_you_believe/,Mixed,Mexico
What are your opinions now that Mexico City is no longer the biggest city in Latin America?,https://www.reddit.com/r/mexico/comments/a980sj/what_are_your_opinions_now_that_mexico_city_is_no/,Mixed,Mexico
What is the opinion of other Latin American countries in Mexico? Que es la opinion de los otros paises de America Latina en Mexico?,https://www.reddit.com/r/mexico/comments/3sk2pp/what_is_the_opinion_of_other_latin_american/,Mixed,Mexico
When people here say they want to move to Brazil.,https://i.redd.it/1ym7b8cp4fyb1.png,Mixed,Brazil
Whenever Anyone Asks about Visiting or Living Anywhere in Brazil,https://i.redd.it/rnk8ykptu2mb1.jpg,Mixed,Brazil
"Why are brazilian girls so quick to kiss on the first date, but then don't want to meet up again?",https://www.reddit.com/r/Brazil/comments/1ixwq2q/why_are_brazilian_girls_so_quick_to_kiss_on_the/,Mixed,Brazil
Why is the Brazilian Real falling like a stone?,https://i.redd.it/xcpdqnewd56d1.jpeg,Mixed,Brazil
When Brazilian Expressions Get Too Real,https://www.reddit.com/gallery/1iq06m4,Mixed,Brazil
Whats up with all the American names Brazilians have?,https://www.reddit.com/r/Brazil/comments/17vu301/whats_up_with_all_the_american_names_brazilians/,Mixed,Brazil
What do you think?,https://i.redd.it/2arj5daqe44e1.png,Mixed,Brazil
What religion does this altar belong to?,https://i.redd.it/fxrj2z1gqsxb1.jpg,Mixed,Brazil
What objects (other than the ones from the image) are typically associated with brazilian culture? I'm using this information for a game.,https://i.redd.it/hr1tb2kzac3e1.jpeg,Mixed,Brazil
Why so many brazilians are so negative about their own country?,https://www.reddit.com/r/Brazil/comments/17p2jn3/why_so_many_brazilians_are_so_negative_about/,Mixed,Brazil
Why does Google's currency converter no longer have the Brazilian Real on the list of currencies?,https://i.redd.it/sv18fei7fzje1.png,Mixed,Brazil
What‚Äôre Brazil‚Äôs thoughts on this movie?,https://i.redd.it/5bj2dsfvscsd1.jpeg,Mixed,Brazil
Why do many Brazilian men have such strange first names ?,https://www.reddit.com/r/Brazil/comments/1731rj9/why_do_many_brazilian_men_have_such_strange_first/,Mixed,Brazil
What is up with Brazilians and Pizza?,https://www.reddit.com/r/Brazil/comments/1f1akwl/what_is_up_with_brazilians_and_pizza/,Mixed,Brazil
"What do you guys feel about this ads? Spotted in Melbourne, Australia.",https://i.redd.it/5wymnxlfp4fc1.jpeg,Mixed,Brazil
Why do SOME people assume all women will act inappropriately here?,https://www.reddit.com/r/Brazil/comments/1j9woua/why_do_some_people_assume_all_women_will_act/,Mixed,Brazil
What do Brazilians actually think of Anitta? ,https://i.redd.it/1eet4jfgldyd1.jpeg,Mixed,Brazil
Why are Brazilians in America specifically Miami hate Lula and Love Bolsonaro ? ,https://www.reddit.com/r/Brazil/comments/1e8iiz6/why_are_brazilians_in_america_specifically_miami/,Mixed,Brazil
Why are Brazilians so into the other‚Äôs business?,https://www.reddit.com/r/Brazil/comments/14qv6e2/why_are_brazilians_so_into_the_others_business/,Mixed,Brazil
Why do some Brasilians don't seem to be able be serious?,https://www.reddit.com/r/Brazil/comments/1jdp4to/why_do_some_brasilians_dont_seem_to_be_able_be/,Mixed,Brazil
What kind of status does Gisele B√ºndchen have in Brazil compared to other celebrities there or from there? ,https://i.redd.it/4amxfaebhjvd1.jpeg,Mixed,Brazil
Why did Brazil not become the global superpower that many experts predict 20/30 years ago?,https://www.reddit.com/r/Brazil/comments/1cwiu4x/why_did_brazil_not_become_the_global_superpower/,Mixed,Brazil
How should I interpret this form ? üòÇ is this the right place for a family trip üòÖ,https://i.redd.it/3dx0kq4o8uae1.jpeg,Mixed,Brazil
How'd I do? (As an Australian),https://i.redd.it/rqr8kfrc6c9c1.png,Mixed,Brazil
Why is Brazil so expensive?,https://www.reddit.com/r/Brazil/comments/17mci98/why_is_brazil_so_expensive/,Mixed,Brazil
How popular/well known is Ayrton Senna(F1) in Brazil? ,https://www.reddit.com/r/Brazil/comments/1cvpx12/how_popularwell_known_is_ayrton_sennaf1_in_brazil/,Mixed,Brazil
What is this Brazilian socket?,https://i.redd.it/xvvez0rmptee1.jpeg,Mixed,Brazil
Why are Brazilians on average so attractive? ,https://www.reddit.com/r/Brazil/comments/1hk9yam/why_are_brazilians_on_average_so_attractive/,Mixed,Brazil
Why are so many Brazilians obsessed with big brother?,https://www.reddit.com/r/Brazil/comments/1bk83z0/why_are_so_many_brazilians_obsessed_with_big/,Mixed,Brazil
What Are the Most Uniquely Brazilian Words? üáßüá∑,https://www.reddit.com/r/Brazil/comments/1jaf8s3/what_are_the_most_uniquely_brazilian_words/,Mixed,Brazil
How did Brazilians gain a reputation for being so ‚Äúpromiscuous‚Äù? ,https://www.reddit.com/r/Brazil/comments/1hi5mle/how_did_brazilians_gain_a_reputation_for_being_so/,Mixed,Brazil
How common is slapping across the face used as corporal punishment from parents to children in Brazil? My Brazilian boyfriend's mother slapped his younger brother hard on the face for using a bad swear word at her.,https://www.reddit.com/r/Brazil/comments/1eba7gj/how_common_is_slapping_across_the_face_used_as/,Mixed,Brazil
Why do they use Coca Cola in I'm Still Here?,https://www.reddit.com/r/Brazil/comments/1j256v2/why_do_they_use_coca_cola_in_im_still_here/,Mixed,Brazil
"Why is the word ""preto"" being used in popular white music to refer to skin color?",https://www.reddit.com/r/Brazil/comments/16w93uc/why_is_the_word_preto_being_used_in_popular_white/,Mixed,Brazil
Why are Brazilians (males) more emotional than other nations?,https://www.reddit.com/r/Brazil/comments/1d620tb/why_are_brazilians_males_more_emotional_than/,Mixed,Brazil
What are these liquid filled tubes?,https://i.redd.it/8s3eimhrxvrc1.png,Mixed,Brazil
How do I kiss like a Brazilian?,https://www.reddit.com/r/Brazil/comments/1iymlxj/how_do_i_kiss_like_a_brazilian/,Mixed,Brazil
What are some unknown fun facts from Brazil?,https://www.reddit.com/r/Brazil/comments/1c8kmx5/what_are_some_unknown_fun_facts_from_brazil/,Mixed,Brazil
Why do Brazilians spam the letter k?,https://www.reddit.com/r/Brazil/comments/14m77pu/why_do_brazilians_spam_the_letter_k/,Mixed,Brazil
What's the deal with Brazilians and Portugal?,https://www.reddit.com/r/Brazil/comments/1cjec9i/whats_the_deal_with_brazilians_and_portugal/,Mixed,Brazil
"When people say ""Imagina"". Does it me ""Thank you"" or ""Don't worry about it"". Or what is it I'm supposed to imagine?",https://www.reddit.com/r/Brazil/comments/1at6wed/when_people_say_imagina_does_it_me_thank_you_or/,Mixed,Brazil
Why is everything so needlessly complicated here?,https://www.reddit.com/r/Brazil/comments/17y7rzr/why_is_everything_so_needlessly_complicated_here/,Mixed,Brazil
Why do Brazilians think that Americans don‚Äôt eat rice and beans?,https://www.reddit.com/r/Brazil/comments/1h2sv83/why_do_brazilians_think_that_americans_dont_eat/,Mixed,Brazil
What even goes on here,https://i.redd.it/nbtta5fne1de1.png,Mixed,Brazil
Why does Brazil not attract more migrants/tourists?,https://www.reddit.com/r/Brazil/comments/1688qrx/why_does_brazil_not_attract_more_migrantstourists/,Mixed,Brazil
How Big Brazil Actually Is!,https://i.redd.it/37llk01ighia1.jpg,Mixed,Brazil
Why are shopping malls such a big deal in Brazil?,https://www.reddit.com/r/Brazil/comments/1ifsdjg/why_are_shopping_malls_such_a_big_deal_in_brazil/,Mixed,Brazil
What is happening with reais exchange rate?,https://i.redd.it/g234l7hosqme1.jpeg,Mixed,Brazil
What are some fun word plays only someone that speaks Portuguese and English would understand?,https://www.reddit.com/r/Brazil/comments/1e6fa35/what_are_some_fun_word_plays_only_someone_that/,Mixed,Brazil
Why are Brazilians more open to discussing racial inequality than other Latin American countries? ,https://www.reddit.com/r/Brazil/comments/1hmwtw4/why_are_brazilians_more_open_to_discussing_racial/,Mixed,Brazil
Why are import taxes in Brazil so high?,https://www.reddit.com/r/Brazil/comments/18w2r7n/why_are_import_taxes_in_brazil_so_high/,Mixed,Brazil
"How would you translate the phrase "" Deus me livre, mas quem me dera""?",https://www.reddit.com/r/Brazil/comments/16zs4y4/how_would_you_translate_the_phrase_deus_me_livre/,Mixed,Brazil
What car is this?,https://i.redd.it/rqqipxtvvtoe1.jpeg,Mixed,Brazil
How is hygiene in Brazil different to hygiene in the UK?.,https://www.reddit.com/r/Brazil/comments/1ixsiu3/how_is_hygiene_in_brazil_different_to_hygiene_in/,Mixed,Brazil
How popular is Marina Sena in Brazil?,https://i.redd.it/rpo9lnyrbcge1.jpeg,Mixed,Brazil
What‚Äôs it like living in Uberl√¢ndia Brazil?,https://i.redd.it/2owwjal5lx9d1.jpeg,Mixed,Brazil
Why so many Brazilians have tattoos?,https://www.reddit.com/r/Brazil/comments/1777yt4/why_so_many_brazilians_have_tattoos/,Mixed,Brazil
"How a Brazilian ""Marxist"" pop song became an Italian pizza chef's theme song",https://www.reddit.com/r/Brazil/comments/1exu31j/how_a_brazilian_marxist_pop_song_became_an/,Mixed,Brazil
What are these food items and what to use them for?,https://www.reddit.com/gallery/15uj8rs,Mixed,Brazil
Why did so many people advise me to enter stores to look at my phone in the city?,https://www.reddit.com/r/Brazil/comments/1g9xde8/why_did_so_many_people_advise_me_to_enter_stores/,Mixed,Brazil
How similar is Brazil to the rest of Latin America,https://www.reddit.com/r/Brazil/comments/1j3poq2/how_similar_is_brazil_to_the_rest_of_latin_america/,Mixed,Brazil
Why isn‚Äôt indigenous ancestry & culture as prominent in Brazil like other Latin American countries? ,https://www.reddit.com/r/Brazil/comments/1h26va6/why_isnt_indigenous_ancestry_culture_as_prominent/,Mixed,Brazil
"What do Brazilians think is ""trendy"" in America?",https://www.reddit.com/r/Brazil/comments/17wo0zn/what_do_brazilians_think_is_trendy_in_america/,Mixed,Brazil
How Far Ahead Should I Plan a Backpacking Trip in Brazil to Stay Flexible?,https://www.reddit.com/r/Brazil/comments/1jirkz4/how_far_ahead_should_i_plan_a_backpacking_trip_in/,Mixed,Brazil
How to meet other tourists in S√£o Paulo,https://www.reddit.com/r/Brazil/comments/1jvsptf/how_to_meet_other_tourists_in_s√£o_paulo/,Mixed,Brazil
How common are ‚Äúpropinas‚Äù in your day to day job?,https://www.reddit.com/r/Brazil/comments/1ht71sh/how_common_are_propinas_in_your_day_to_day_job/,Mixed,Brazil
How do you pay your tuition?,https://www.reddit.com/r/Brazil/comments/1jyabtt/how_do_you_pay_your_tuition/,Mixed,Brazil
Cual es la mejor salchipapa del pa√≠s?,https://i.redd.it/fvz2aeo2elxb1.png,Mixed,Ecuador
Why is Ecuadors coast so much more Violent then the Andes!? The coast has a Murder rate more than 10 times that of the mountainous areas of Ecuador! üá™üá®,https://i.redd.it/i64ukljuvnbc1.jpeg,Mixed,Ecuador
¬øPor qu√© cree que Doraemon sea tan popular en Ecuador?,https://www.reddit.com/gallery/1i956bl,Mixed,Ecuador
What an amazing performance!! üí™üî•üëè,https://i.redd.it/z8az6iluuzz51.jpg,Mixed,Ecuador
Por qu√© miente?,https://i.redd.it/bktkz3yulyje1.jpeg,Mixed,Ecuador
What is this?,https://i.redd.it/llv8u7y9xppb1.jpg,Mixed,Ecuador
"What is it like to live in Quito, Ecuador?",https://i.redd.it/4kfknizd64cd1.png,Mixed,Ecuador
¬øShould you Leave Ecuador?,https://www.reddit.com/r/ecuador/comments/192qphd/should_you_leave_ecuador/,Mixed,Ecuador
¬øQu√© hacen para no morir de tristeza por los apagones? ,https://www.reddit.com/r/ecuador/comments/1gsfmha/qu√©_hacen_para_no_morir_de_tristeza_por_los/,Mixed,Ecuador
What‚Äôs happening? ,https://i.redd.it/z7ut4e7zlo2e1.jpeg,Mixed,Ecuador
Qu√© opinan de esto los ecuatorianos?,https://i.redd.it/r925klsybzee1.jpeg,Mixed,Ecuador
Por qu√©???,https://i.redd.it/k6un7osuonvc1.png,Mixed,Ecuador
¬øPor qu√© no se habla de esto? Se est√°n llevando el pa√≠s en peso,https://i.redd.it/qrilesf22bme1.jpeg,Mixed,Ecuador
¬øEntrar√°n en circulaci√≥n las monedas propuestas por el BCE?,https://i.redd.it/rd9rn9eu7dkc1.png,Mixed,Ecuador
How safe is it for a couple in their 20s who speak limited Spanish to be in Ecuador right now?,https://www.reddit.com/r/ecuador/comments/15p8wvo/how_safe_is_it_for_a_couple_in_their_20s_who/,Mixed,Ecuador
¬øQu√© dulces tradicionales recomiendan probar a un viajero entusiasta?,https://i.redd.it/9btylfn0qsje1.jpeg,Mixed,Ecuador
¬øEmigrar es realmente la soluci√≥n? ¬øCu√°l es su opini√≥n al respecto?,https://i.redd.it/lzlxpxkhk6yb1.png,Mixed,Ecuador
How the Guardian Gets It Wrong on Latin America,http://www.telesurtv.net/english/news/teleSUR-Shows-How-the-Guardian-Gets-It-Wrong-on-Latin-America--20150822-0015.html,Mixed,Ecuador
What kind of gifts would someone from Ecuador like from America?,https://www.reddit.com/r/ecuador/comments/2b4u9o/what_kind_of_gifts_would_someone_from_ecuador/,Mixed,Ecuador
¬øQue no hacer al renunciar a un trabajo? ,https://i.redd.it/czcygym9qsde1.jpeg,Mixed,Colombia
Cualquier parecido con la realidad ‚Ä¶.,https://i.redd.it/z5jtych693nd1.jpeg,Mixed,Colombia
How did I do? One of my favorite Colombian dishes ,https://i.redd.it/l5uxzkgqvctd1.jpeg,Mixed,Colombia
¬øHay gente que de verdad le guste?,https://i.redd.it/ydrdmr4is6wd1.png,Mixed,Colombia
¬øConfirman?,https://i.redd.it/uobkk1wio7ea1.png,Mixed,Colombia
Qu√© otras frases tienen?,https://i.redd.it/gmet6xlrk7ya1.jpg,Mixed,Colombia
¬øExtra√±an al Carrefour o les parece mejor el Jumbo?,https://i.redd.it/v0ummd20gdle1.png,Mixed,Colombia
¬øA ustedes les gusta el jugo de tomate de √°rbol?,https://i.redd.it/e0n1de3mt7kd1.png,Mixed,Colombia
Cual es su top 1 de esta lista ?,https://i.redd.it/iul9otzo0bd91.jpg,Mixed,Colombia
"¬øA cual conclusi√≥n llegan, parceros?",https://i.redd.it/x5kixrnbbwzd1.jpeg,Mixed,Colombia
¬øQu√© se supon√≠a que har√≠a el polic√≠a de tr√°nsito? Arrestarlo? XD,https://v.redd.it/af98i9fxj7cb1,Mixed,Colombia
C√≥mo hacemos para que se conozcan!!!,https://i.redd.it/e20tc3ezdfcb1.png,Mixed,Colombia
¬øLa mujer colombiana promedio suele ser infiel?,https://i.redd.it/x6c249i6e6jb1.jpg,Mixed,Colombia
C√≥mo hacer una propaganda para los rolos,https://i.redd.it/piuqh2zedy3a1.jpg,Mixed,Colombia
¬øAlguien m√°s odia a esos gonorreas?,https://i.redd.it/8ylfrn6iunwc1.jpeg,Mixed,Colombia
¬øCual fue el mayor esc√°ndalo que sucedi√≥ en tu colegio?,https://i.redd.it/j8orizfvl0le1.jpeg,Mixed,Colombia
Qu√© tal estos hptas,https://i.redd.it/i6bv5a8luidb1.jpg,Mixed,Colombia
¬øQu√© momento de sus vidas les hizo pensar que la vida es injusta?,https://i.redd.it/lheveignvpwd1.png,Mixed,Colombia
¬øQu√© cosa simple creen que nos falta en Colombia?,https://i.redd.it/3ougsirwzkud1.png,Mixed,Colombia
¬øQue es esta mierda?,https://i.redd.it/yr4lcv3i849d1.jpeg,Mixed,Colombia
¬øEsta deber√≠a ser nuestra ave nacional?,https://i.redd.it/zg8q7gcd8vp91.jpg,Mixed,Colombia
Cual es la raz√≥n de porque Colombia tiene tantisimos peajes por todo el pais?,https://i.redd.it/xxzb0dnwgzfe1.jpeg,Mixed,Colombia
¬øCu√°ntos a√±os tuvieron que pasar para que finalmente uno de los art√≠fices de esta mierda lo dijera?,https://v.redd.it/p501b80gi96c1,Mixed,Colombia
¬øCu√°l es su arepa favorita?,https://i.redd.it/ty9swpljqin91.jpg,Mixed,Colombia
¬øQu√© m√°s le ponen a la mesa de cumplea√±os en sus casas?,https://i.redd.it/dzhsb8k3ndt91.jpg,Mixed,Colombia
Cual recuerdan con mas nostalgia?,https://i.redd.it/qhogakcfr8o71.jpg,Mixed,Colombia
¬øcomo se llama el estilo de arquitectura que ves de casas comunes y corrientes en colombia?,https://i.redd.it/cktyuc0sahga1.jpg,Mixed,Colombia
¬øPorqu√© la gente casi no publica memes ac√°?,https://i.redd.it/newmlsu9lxje1.jpeg,Mixed,Colombia
¬øWhy are Latin American workers so strikingly unproductive?,https://www.reddit.com/r/Colombia/comments/145hk59/why_are_latin_american_workers_so_strikingly/,Mixed,Colombia
Qu√© les parece en Line-Up del Baum Festival? ,https://www.reddit.com/r/Colombia/comments/1cxavv1/qu√©_les_parece_en_lineup_del_baum_festival/,Mixed,Colombia
¬øMejores universidades para posgrado en Bogot√°?,https://www.reddit.com/r/Colombia/comments/p3ww1v/mejores_universidades_para_posgrado_en_bogot√°/,Mixed,Colombia
Why do Colombians drive so badly?,https://www.reddit.com/r/Colombia/comments/85pgyd/why_do_colombians_drive_so_badly/,Mixed,Colombia
What are some must try foods?,https://www.reddit.com/r/Colombia/comments/um67bg/what_are_some_must_try_foods/,Mixed,Colombia
What are some good Mexican restraunts in Medellin?,https://www.reddit.com/r/Colombia/comments/bouznz/what_are_some_good_mexican_restraunts_in_medellin/,Mixed,Colombia
What people think when I say I‚Äôm from Peru,https://i.redd.it/40uwkry4jtm51.jpg,Mixed,Peru
¬øLa mejor propaganda del pa√≠s? ¬øQu√© otras recuerdan?,https://v.redd.it/ys5qtkonkr3a1,Mixed,Peru
¬øCuantos puertos tienes?,https://i.redd.it/5c09e5cqjb2e1.jpeg,Mixed,Peru
¬øQu√© opinan?,https://v.redd.it/npafi7qsxg6a1,Mixed,Peru
¬øSe ve rid√≠culo mi chullo?,https://www.reddit.com/gallery/1j2xwmn,Mixed,Peru
¬øEstas de acuerdo de que el Per√∫ haya expulsado al embajador de M√©xico?,https://i.redd.it/b93gwk0ved7a1.png,Mixed,Peru
Cuales son las historias que les cuentan sus viejitos de la √©poca del Terrorismo en Per√∫.,https://i.redd.it/yj2qdj7zaro91.jpg,Mixed,Peru
¬øAlguien sabe el or√≠gen del 'Yan ken po' en Per√∫?,https://i.redd.it/azjfupqpwfy91.jpg,Mixed,Peru
"¬øQu√© opinan respecto al ‚ÄúMuro de la Verg√ºenza‚Äù, es realmente necesario o no?",https://i.redd.it/dovpjatdz2aa1.jpg,Mixed,Peru
¬øComo lo llamar√≠an? Perry el ____,https://i.redd.it/t6e3ux45u26e1.jpeg,Mixed,Peru
"¬øPer√∫, eres t√∫?",https://i.redd.it/bpocljvw8zra1.jpg,Mixed,Peru
¬ø?,https://i.redd.it/hgca7zzb0cm91.jpg,Mixed,Peru
¬øA qu√© hora sale Keiko a decir gg?,https://i.redd.it/3yw6hg48w9471.jpg,Mixed,Peru
Por qu√© siempre hay eso en las calles de Lima?,https://i.redd.it/hgnx3rolr8ob1.jpg,Mixed,Peru
Cual es la mejor marca de turr√≥n?,https://i.redd.it/hjbfc7p08asb1.jpg,Mixed,Peru
Qu√© les parece? üóø,https://v.redd.it/7y4qh5d2l7ca1,Mixed,Peru
¬øPor qu√© los Gusanitos tienen todas esas mismas caras??üòÇ üòÇ eso me genera una duda. ,https://i.redd.it/0lm1zij5mhhd1.jpeg,Mixed,Peru
¬øEst√° condenado al fracaso el f√∫tbol peruano? ,https://i.redd.it/7apcmpuzzrbd1.jpeg,Mixed,Peru
¬øQuien dijo que los signos de puntuaci√≥n no son importantes?,https://i.redd.it/5tb82ohf5o451.jpg,Mixed,Peru
¬øCuantos errores puedes encontrar en esta verg√ºenza?,https://v.redd.it/em9praxnpvp91,Mixed,Peru
¬øCu√°l es una opini√≥n sobre el Per√∫ que te pondr√≠a en esta situaci√≥n? ,https://i.redd.it/k93ngvpb3ivd1.jpeg,Mixed,Peru
Cualquier parecido con la realidad es pura coincidencia.,https://i.redd.it/8eia3m6tl0n51.jpg,Mixed,Peru
C√≥mo pase de ser clase baja a ganar aprox 50k mensuales (en menos de 10 a√±os),https://www.reddit.com/r/PERU/comments/1ecrrpt/c√≥mo_pase_de_ser_clase_baja_a_ganar_aprox_50k/,Mixed,Peru
What does the U symbol mean?,https://www.reddit.com/gallery/1g6tzrl,Mixed,Peru
¬øPersonajes m√°s queridos del Per√∫ contemporaneo?,https://i.redd.it/euw39tiz856d1.jpeg,Mixed,Peru
C√≥mo pasaron su Navidad? Pas√≥ algo que lo arruin√≥ en la cena familiar?,https://i.redd.it/roe0taq2x09e1.jpeg,Mixed,Peru
Why Is Latin America Poorer Than North America?,https://youtu.be/XXhEjvWDuds,Mixed,Peru
Why so many matches on tinder/bumble?,https://www.reddit.com/r/PERU/comments/ya5cuz/why_so_many_matches_on_tinderbumble/,Mixed,Peru
¬øPorque en Peru hay tan pocos afrodescendientes?,https://www.reddit.com/r/PERU/comments/16gwlpz/porque_en_peru_hay_tan_pocos_afrodescendientes/,Mixed,Peru
Why do Peruvian schools not only have uniforms but smart uniforms,https://www.reddit.com/r/PERU/comments/ct6jnv/why_do_peruvian_schools_not_only_have_uniforms/,Mixed,Peru
Qu√© desastre üòí,https://i.redd.it/1wi0jk7glhfd1.jpeg,Mixed,Venezuela
¬øEst√°n en acuerdo con esta foto?,https://i.redd.it/kl284y1sd09e1.jpeg,Mixed,Venezuela
¬øPor qu√© est√°n orgullosos de ser xenof√≥bicos?,https://i.redd.it/yt8fk282t0ne1.jpeg,Mixed,Venezuela
C√≥mo as√≠ jajajaj,https://i.redd.it/n77gqez984re1.jpeg,Mixed,Venezuela
¬øDeber√≠a el continente sudamericano intervenir en Venezuela?,https://www.reddit.com/r/venezuela/comments/1ego8qu/deber√≠a_el_continente_sudamericano_intervenir_en/,Mixed,Venezuela
Por qu√© est√°n tan normalizados comentarios as√≠?,https://www.reddit.com/r/venezuela/comments/1g5e60w/por_qu√©_est√°n_tan_normalizados_comentarios_as√≠/,Mixed,Venezuela
¬øQue co√±o con los autobuses?,https://www.reddit.com/r/venezuela/comments/1gw69ig/que_co√±o_con_los_autobuses/,Mixed,Venezuela
¬øCu√°l es para ustedes la mejor galleta que tiene Venezuela?,https://i.redd.it/j2zlsapbskad1.jpeg,Mixed,Venezuela
¬øLes gusta el arroz con leche?,https://i.redd.it/jg8typkh28wb1.jpg,Mixed,Venezuela
Por qu√© es tan dif√≠cil encontrar personas que lean aqu√≠ en Venezuela? ,https://www.reddit.com/r/venezuela/comments/1erfw3y/por_qu√©_es_tan_dif√≠cil_encontrar_personas_que/,Mixed,Venezuela
¬øQuien m√°s se est√° negando a pagar la bolsa clap o quien considera que eso es darle poder al regime ??,https://i.redd.it/bou6c18mvvgd1.jpeg,Mixed,Venezuela
¬øSoy el malo por dejar mxrxr a mi t√≠o de ‚ôã?,https://www.reddit.com/r/venezuela/comments/1i0z9om/soy_el_malo_por_dejar_mxrxr_a_mi_t√≠o_de/,Mixed,Venezuela
"¬øAlguna vez utilizaron uno de estos, y si es as√≠ que an√©cdotas o experiencias puedes contar?",https://i.redd.it/v0ox355iwm7d1.jpeg,Mixed,Venezuela
C√≥mo agarro calle?,https://www.reddit.com/r/venezuela/comments/1fpm6tw/c√≥mo_agarro_calle/,Mixed,Venezuela
What do you think about this?,https://i.redd.it/dhbe784sltfd1.png,Mixed,Venezuela
¬øMejor lugar para comer este plato?,https://i.redd.it/7f9bmb505nud1.jpeg,Mixed,Venezuela
¬øUstedes que opinan sobre este individuo que cumple con las caracter√≠sticas de un malandro chiguire?,https://v.redd.it/1pt42a4dk8qe1,Mixed,Venezuela
¬øDebemos hacer los mismo que chile en 2019? (Manifestaciones),https://www.reddit.com/r/venezuela/comments/1ehi4z1/debemos_hacer_los_mismo_que_chile_en_2019/,Mixed,Venezuela
¬øCu√°l es el nombre m√°s raro o tuki que conoces?,https://i.redd.it/milhq0kpnlfc1.jpeg,Mixed,Venezuela
¬øEn donde marcan ustedes la linea entre derrotista y realista?,https://i.redd.it/d3ivwulz54hd1.jpeg,Mixed,Venezuela
¬øConoces el cuento tibetano que explica por qu√© la gente grita cuando discute?,https://www.reddit.com/r/venezuela/comments/1ff4mdl/conoces_el_cuento_tibetano_que_explica_por_qu√©_la/,Mixed,Venezuela
¬øQue opinan de este c√±o de su madre?,https://i.redd.it/zkzsl4cifd5d1.jpeg,Mixed,Venezuela
¬øQuien va a votar?,https://www.reddit.com/r/venezuela/comments/1bnpp45/quien_va_a_votar/,Mixed,Venezuela
Por qu√© las mujeres son as√≠?,https://i.redd.it/x8aarbwes3fd1.jpeg,Mixed,Venezuela
¬øSientes que encajas en la cultura de Venezuela?,https://www.reddit.com/r/venezuela/comments/18m9c8r/sientes_que_encajas_en_la_cultura_de_venezuela/,Mixed,Venezuela
¬øAlguien que me diga si soy yo o es los trabajos en Venezuela? ,https://www.reddit.com/r/venezuela/comments/1bkm1r0/alguien_que_me_diga_si_soy_yo_o_es_los_trabajos/,Mixed,Venezuela
¬øHan tenido experiencias sexuales grupales en Venezuela?,https://www.reddit.com/r/venezuela/comments/1beh3dk/han_tenido_experiencias_sexuales_grupales_en/,Mixed,Venezuela
Why is venezuela invading Guyana?,https://www.reddit.com/r/venezuela/comments/18c6gyy/why_is_venezuela_invading_guyana/,Mixed,Venezuela
¬øC√≥mo reacciona la gente cuando le dices que eres ateo/agn√≥stico?,https://www.reddit.com/r/venezuela/comments/19el1ds/c√≥mo_reacciona_la_gente_cuando_le_dices_que_eres/,Mixed,Venezuela
How it really be like,https://i.redd.it/vdgutimjj2b51.jpg,Mixed,Venezuela
¬øPara qu√© carajo es esto?,https://i.redd.it/ir3zhf1lmcpe1.jpeg,Mixed,Venezuela
Por qu√© el socialismo no funciona en Latinoam√©rica? / Why does not socialism work in Latin America?,https://www.reddit.com/r/venezuela/comments/b2429g/por_qu√©_el_socialismo_no_funciona_en/,Mixed,Venezuela
What Country In Latin America Would You Live In?,https://www.youtube.com/watch?v=Znua5vHjjmw,Mixed,Venezuela
What should the minimum wage be in Venezuela?,https://www.reddit.com/r/venezuela/comments/ezp1pl/what_should_the_minimum_wage_be_in_venezuela/,Mixed,Venezuela
What is the percentage for each race in Venezuela ?,https://www.reddit.com/r/venezuela/comments/c358ru/what_is_the_percentage_for_each_race_in_venezuela/,Mixed,Venezuela
¬øEs verdad que la mayoria de los venezolanos son zambos?,https://www.reddit.com/r/venezuela/comments/7qudnt/es_verdad_que_la_mayoria_de_los_venezolanos_son/,Mixed,Venezuela
How the Crypto Currency impacted Venezuela during 2017 - 2018,https://www.reddit.com/r/venezuela/comments/9d97lr/how_the_crypto_currency_impacted_venezuela_during/,Mixed,Venezuela
What time is it?,https://i.redd.it/oyqu4fdjuap61.png,Mixed,Chile
How do you do my fellow europeans?,https://i.redd.it/2te440hqgor41.png,Mixed,Chile
¬øCu√°l es la broma escolar m√°s bastarda que han hecho/presenciado?,https://i.redd.it/mi6k3rnw2jmb1.jpg,Mixed,Chile
¬øTu Presidente puede hacer esto?,https://i.redd.it/hr62lefg5p681.jpg,Mixed,Chile
¬øQu√© cosas pronuncian mal sus pap√°s / abuelos?,https://i.redd.it/8qa6i3knmig81.png,Mixed,Chile
Why backing coups in Latin America is a bad idea,https://www.economist.com/the-americas/2018/09/15/why-backing-coups-in-latin-america-is-a-bad-idea?fsrc=scn/fb/te/bl/ed/whybackingcoupsinlatinamericaisabadideabello,Mixed,Chile
How the World's Smallest Country Casually Prevented Full Scale WAR - Uncharted Latin America #1,https://youtu.be/d07b5DcOSFQ?si=CJgsLy_TwewRHSZ9,Mixed,Chile
How Latinos protests? Chilean I made this video about protests in Latin America and learned that a lot of these methods of protesting come from Chile. What else could you add to the way you guys protest?,https://youtu.be/EKb79FM1e2Q,Mixed,Chile
"Why Latin America Was Primed to Explode: Economic Malaise, More Than Foreign Meddling, Explains the Outpouring of Rage",https://www.foreignaffairs.com/articles/central-america-caribbean/2019-10-29/why-latin-america-was-primed-explode,Mixed,Chile
¬øSab√≠as que en el mundo 30 pa√≠ses privatizaron sus pensiones y 18 revirtieron?,https://www.reddit.com/r/chile/comments/1idznal/sab√≠as_que_en_el_mundo_30_pa√≠ses_privatizaron_sus/,Mixed,Chile
¬øQu√© tan importante/celebrada es la navidad en Chile?,https://www.reddit.com/r/chile/comments/ztpwdt/qu√©_tan_importantecelebrada_es_la_navidad_en_chile/,Mixed,Chile
Why did the constitution was not approved?,https://www.reddit.com/r/chile/comments/x63soh/why_did_the_constitution_was_not_approved/,Mixed,Chile
"C√≥mo han cambiado los destinos de exportaciones desde Latinoamerica a China y USA desde los 2000? Hoy toma lugar la 2022 ChinaLAC Business Summit en Ecuador para fortalecer los lazos entre Latinoam√©rica, el Caribe y China.",https://i.redd.it/bx8x5akjsw5a1.png,Mixed,Chile
Why it takes so long the residence process in Chile?,https://www.reddit.com/r/chile/comments/174q2hx/why_it_takes_so_long_the_residence_process_in/,Mixed,Chile
¬øC√≥mo no reaccionar as√≠?,https://v.redd.it/v433jr4zjp6a1,Mixed,Argentina
Cualquier persona sensata,https://i.redd.it/6prewse97gt51.png,Mixed,Argentina
¬øO no?,https://i.redd.it/t9lfd5xrln8e1.png,Mixed,Argentina
¬øNi√±a en una protesta de jubilados? Seguro tramaba algo hermano...,https://i.redd.it/rv0oujph7lod1.jpeg,Mixed,Argentina
Qu√© le queda a una persona que gan√≥ el m√°ximo galard√≥n en su primer intento?,https://i.redd.it/4nwohpkdvj7a1.png,Mixed,Argentina
Qu√© hermoso,https://i.redd.it/n997yfpz3r351.jpg,Mixed,Argentina
Cualquier persona de Argentina,https://i.redd.it/gcontaumrnh91.png,Mixed,Argentina
C√≥mo ser√° en los cielos de maiimeee,https://i.redd.it/tyivxkn1bkt41.jpg,Mixed,Argentina
Cualquier similitud con la coincidencia es pura realidad,https://i.redd.it/9eyuzrn1g7i51.jpg,Mixed,Argentina
"How you say ""bro"" in Latin America (x-post /r/dataisbeautiful)",https://pbs.twimg.com/media/CNWcDbaUYAEv0fZ.png,Mixed,Argentina
What are the risks to British tourists visiting Latin America after Argentina shooting?,https://www.independent.co.uk/travel/news-and-advice/argentina-shooting-british-tourist-travel-risks-buenos-aires-latin-america-a9247631.html,Mixed,Argentina
What advice from Argentinian on how to survive high inflation for US citizen in usa.,https://www.reddit.com/r/argentina/comments/1jtlbz6/what_advice_from_argentinian_on_how_to_survive/,Mixed,Argentina
How Latin America Pays the Price of Protectionism,http://www.wsj.com/articles/how-latin-america-pays-the-price-of-protectionism-1480089781,Mixed,Argentina
How Argentina Bucked Tradition in Latin America and Legalized Abortion - RokzFast,https://rokzfast.com/how-argentina-bucked-tradition-in-latin-america-and-legalized-abortion-264021/,Mixed,Argentina
How Well Do You Know Latin America?,http://s3-ec.buzzfed.com/static/2014-05/enhanced/webdr06/1/17/enhanced-27227-1398981058-16.jpg,Mixed,Argentina
How Latin America Pays the Price of Protectionism ‚Ä¢ /r/Economics,https://www.reddit.com/r/Economics/comments/5evuqr/how_latin_america_pays_the_price_of_protectionism/,Mixed,Argentina
What is your opinion of Paraguay and its people?,https://www.reddit.com/r/argentina/comments/7xw06v/what_is_your_opinion_of_paraguay_and_its_people/,Mixed,Argentina
Why do many Argentinians on this sub look at their country negatively compared to other Latin American country citizens?,https://www.reddit.com/r/argentina/comments/r4rr6d/why_do_many_argentinians_on_this_sub_look_at/,Mixed,Argentina
¬øpor qu√©?,https://i.redd.it/csqntqlgagnd1.png,Mixed,Uruguay
¬øGran parte de la juventud uruguaya?,https://i.redd.it/eplxlpckg1051.jpg,Mixed,Uruguay
C√≥mo saber si est√°s lejos de casa,https://i.redd.it/jxs0inkz8ic61.jpg,Mixed,Uruguay
¬øQu√© opina el uruguayo?,https://i.redd.it/ewmnet9rkfs91.jpg,Mixed,Uruguay
¬øCurioso no?,https://i.redd.it/eocd2o6ze14a1.jpg,Mixed,Uruguay
¬øY c√≥mo fue tu a√±o?,https://i.redd.it/s66exss1mz661.png,Mixed,Uruguay
¬øEsto no ser√≠a tambi√©n arquitectura hostil?,https://i.redd.it/smjjo3n2t7ge1.jpeg,Mixed,Uruguay
"¬øC√≥mo andan, chicas?",https://v.redd.it/1gbjku5288a61,Mixed,Uruguay
Cualquier parecido con la realidad es pura coincidencia,https://i.redd.it/rud7btbrll151.png,Mixed,Uruguay
¬øQue piensan sobre la reforma?,https://www.reddit.com/r/uruguay/comments/dm33qy/que_piensan_sobre_la_reforma/,Mixed,Uruguay
¬øQu√© hay de comer?,https://i.redd.it/97l066cn3n851.png,Mixed,Uruguay
¬øCu√°ntos tienen en casa?,https://i.redd.it/yprr4p36vom61.jpg,Mixed,Uruguay
How is called Popcorn in Latin America,https://i.redd.it/29lr5abb9dy41.png,Mixed,Uruguay
Why Uruguay is the coolest country in Latin America,https://video.twimg.com/ext_tw_video/1007686042474999812/pu/vid/636x360/hTH1Kq_rTiFMQ_Qs.mp4?tag=3,Mixed,Uruguay
Why Uruguay‚Äôs Bet on China Matters for Latin America,https://americasquarterly.org/article/why-uruguays-bet-on-china-matters-for-latin-america/,Mixed,Uruguay
Why Uruguay ?,https://i.redd.it/74abzh5v4lt91.jpg,Mixed,Uruguay
¬øAlguien hab√≠a escuchado de la monja sin cabeza alguna vez?,https://i.redd.it/o159m8ameqpb1.png,Mixed,Uruguay
How Much Corruptions is in Uruguay?,https://www.reddit.com/r/uruguay/comments/131udc/how_much_corruptions_is_in_uruguay/,Mixed,Uruguay
¬øPorque fomentamos el consumo de alcohol casi culturalmente?,https://i.redd.it/03zp81nt1cob1.jpg,Mixed,Bolivia
How Arce wants the rest of the world to see his sh*tshow,https://v.redd.it/30fcnibj409d1,Mixed,Bolivia
¬øSe imaginan todos los problemas que nos hubi√©ramos ahorrado? ,https://i.redd.it/i79rj0fj9fpd1.jpeg,Mixed,Bolivia
Por qu√© ser√° no? Con los socialistas en Bolivia por qu√© no se ir√°n a esos para√≠sos?,https://i.redd.it/2jf7p7y2u1ue1.jpeg,Mixed,Bolivia
¬øPor qu√© el boliviano es tan acomplejado?,https://v.redd.it/b9ps55z6rw6e1,Mixed,Bolivia
¬øCine de terror boliviano?,https://i.redd.it/383peh095ssd1.jpeg,Mixed,Bolivia
¬øNo siembran √°rboles en Bolivia?,https://i.redd.it/rtf7g2fl3lud1.jpeg,Mixed,Bolivia
¬øUstedes creen que este meme se aplique en Bolivia?,https://i.redd.it/ohfd2cjnishc1.jpeg,Mixed,Bolivia
Cual es la mejor vacuna disque,https://i.redd.it/v3jiz7pjgq571.jpg,Mixed,Bolivia
¬øC√≥mo llegamos a esto?,https://i.redd.it/ep3k40ftv9re1.jpeg,Mixed,Bolivia
Qu√© les parece esta noticia,https://i.redd.it/hrn99ulz1z0e1.jpeg,Mixed,Bolivia
¬øQue tan rentable puede ser poner este tipo de academia? ,https://v.redd.it/zdbg6gd4ji2c1,Mixed,Bolivia
C√≥mo la gente dej√≥ de tener hijos - An√°lisis,https://www.reddit.com/r/BOLIVIA/comments/1f5osvy/c√≥mo_la_gente_dej√≥_de_tener_hijos_an√°lisis/,Mixed,Bolivia
Qu√© hicimos para merecer esto?,https://i.redd.it/u6dmam6bj5he1.jpeg,Mixed,Bolivia
¬øQuien fue ese?,https://i.redd.it/4cj146g3u4zd1.jpeg,Mixed,Bolivia
¬øAhora asi se hace la huelga de hambre?...  Chevere su pollito frito,https://v.redd.it/0y5vrzcpyyyd1,Mixed,Bolivia
¬øPor qu√© mi cereal sabe tan mal si es un....CONDORKRISPY?,https://i.redd.it/3xc1yfiv6nsb1.jpg,Mixed,Bolivia
What people think when i say I'm from Santa Cruz,https://i.redd.it/oem0t6t9puv71.jpg,Mixed,Bolivia
Why Bolivian President Evo Morales‚Äô Resignation Was Not a Coup,https://theglobepost.com/2019/11/13/bolivia-no-coup/,Mixed,Bolivia
¬øY si dejamos de burlarnos de c√≥mo hablan las personas en el campo?,https://www.reddit.com/r/BOLIVIA/comments/1ghhona/y_si_dejamos_de_burlarnos_de_c√≥mo_hablan_las/,Mixed,Bolivia
¬øMarcha para PayPal?,https://i.redd.it/91y62ptt4w0d1.jpeg,Mixed,Bolivia
Qu√© una sola cosa mejorar√≠an de Bolivia?,https://i.redd.it/vtpi7o1mm0je1.jpeg,Mixed,Bolivia
¬øQu√© est√° pasando en Bolivia?,https://www.reddit.com/gallery/qr6xjj,Mixed,Bolivia
¬øNuestra cultura es decadente?,https://www.reddit.com/r/BOLIVIA/comments/1jczlbz/nuestra_cultura_es_decadente/,Mixed,Bolivia
¬øQue tan peligrosa es la ceja del alto?,https://i.redd.it/mbv8t5ua182d1.jpeg,Mixed,Bolivia
Cuales son los comerciales de tv mas ic√≥nicos de Bolivia?,https://i.redd.it/wo8k43cggvv91.jpg,Mixed,Bolivia
¬øMba'e la oikopa? (Que lo que pasa todo),https://www.reddit.com/r/Paraguay/comments/1fq3crr/mbae_la_oikopa_que_lo_que_pasa_todo/,Mixed,Paraguay
What is this thing? Am I going to die?,https://i.redd.it/0n1tnvxxvnue1.jpeg,Mixed,Paraguay
¬øQue auto comprar en paraguay? Mis recomendaciones.,https://www.reddit.com/r/Paraguay/comments/pqeqfw/que_auto_comprar_en_paraguay_mis_recomendaciones/,Mixed,Paraguay
¬øMe adoptar√≠as?,https://i.redd.it/0nnm0qgagoua1.jpg,Mixed,Paraguay
Qu√© asco me dan algunos hombre paraguayos,https://www.reddit.com/r/Paraguay/comments/11luuvn/qu√©_asco_me_dan_algunos_hombre_paraguayos/,Mixed,Paraguay
Qu√© futuro de mierda nos espera? ,https://www.reddit.com/r/Paraguay/comments/1fu0hpt/qu√©_futuro_de_mierda_nos_espera/,Mixed,Paraguay
¬øMejor app de citas en Paraguay?,https://www.reddit.com/r/Paraguay/comments/1jxcveu/mejor_app_de_citas_en_paraguay/,Mixed,Paraguay
¬øPor qu√© somos tan prepotentes?,https://www.reddit.com/r/Paraguay/comments/1jpmvhm/por_qu√©_somos_tan_prepotentes/,Mixed,Paraguay
Cual fue su peor esperiencia en un hospital publico?,https://i.redd.it/lkxyibwlfxh91.png,Mixed,Paraguay
"¬øQui√©n es responsable de estos carteles de ""Creemos en el dise√±o original"" que se encuentran por todo Paraguay √∫ltimamente?",https://i.redd.it/rt9qbkyzi3le1.jpeg,Mixed,Paraguay
¬øQui√©n hizo esto?,https://i.redd.it/4b0f7z6rqqge1.jpeg,Mixed,Paraguay
Por qu√© hay tantos hombres ped√≥filos?,https://www.reddit.com/r/Paraguay/comments/1h1ldxq/por_qu√©_hay_tantos_hombres_ped√≥filos/,Mixed,Paraguay
¬øAlg√∫n d√≠a va a explotar la burbuja de ueno?,https://i.redd.it/1ykexc0349re1.jpeg,Mixed,Paraguay
"Qu√© vi en Paraguay, como extranjero.",https://www.reddit.com/r/Paraguay/comments/1j547cz/qu√©_vi_en_paraguay_como_extranjero/,Mixed,Paraguay
¬øAsadito o queso?,https://i.redd.it/607sjpq1j8qa1.jpg,Mixed,Paraguay
¬øAlguien me explica?,https://www.reddit.com/r/Paraguay/comments/11vmjbo/alguien_me_explica/,Mixed,Paraguay
¬øQui√©n es ese Pok√©mon?,https://www.reddit.com/gallery/1h59mg6,Mixed,Paraguay
¬øUstedes sab√≠an que hubo una mujer paraguaya en la producci√≥n de Arcane?,https://www.reddit.com/r/Paraguay/comments/1175n51/ustedes_sab√≠an_que_hubo_una_mujer_paraguaya_en_la/,Mixed,Paraguay
"¬øNos consideran Chile, Argentina y Uruguay parte del Conosur?",https://i.redd.it/n1crsbyymuqe1.jpeg,Mixed,Paraguay
¬øNuestro plan de educaci√≥n sexual en serio promueve esto?,https://i.redd.it/4wb2uzi0g0qd1.png,Mixed,Paraguay
¬øDonde est√° Ambrosio Cubilla?,https://i.redd.it/gmhrfpb8y4hd1.jpeg,Mixed,Paraguay
¬øSoy mala por querer divertirme un d√≠a?,https://www.reddit.com/r/Paraguay/comments/1fo45dj/soy_mala_por_querer_divertirme_un_d√≠a/,Mixed,Paraguay
Cual es una opini√≥n de el Paraguay que te pondria en esta situaci√≥n?,https://i.redd.it/68xklpyotqvd1.jpeg,Mixed,Paraguay
Qu√© es algo que la mayor√≠a de los Paraguayos normalmente hacen pero ustedes no?,https://www.reddit.com/r/Paraguay/comments/19ehvvl/qu√©_es_algo_que_la_mayor√≠a_de_los_paraguayos/,Mixed,Paraguay
Por qu√© hay tanta gente defendiendo a criminales?,https://www.reddit.com/gallery/1i6w1vj,Mixed,Paraguay
¬øQu√© opinan de reducir la cantidad de horas de trabajo? ,https://www.reddit.com/gallery/1i2ql1h,Mixed,Paraguay
¬øCu√°l es la caricatura japonesa que m√°s te haya gustado o recuerdes verla vista por tv nacional? ,https://www.reddit.com/gallery/1h9nn53,Mixed,Paraguay
¬øCu√°les son las reglas que ustedes tienen a la hora de ir en bus ac√° en Paraguay.?,https://i.redd.it/4u6dprxrmtp91.jpg,Mixed,Paraguay
Why did the Russians & Germans continue fighting WWI in Latin America?,https://www.rbth.com/history/331432-russians-and-germans-fight-paraguay,Mixed,Paraguay
¬ø como el guaran√≠ vive hoy en dia ?,https://www.reddit.com/r/Paraguay/comments/1jjm2yb/como_el_guaran√≠_vive_hoy_en_dia/,Mixed,Paraguay
How good is life in paraguay living in a good place in Grand Asunci√≥n?,https://www.reddit.com/r/Paraguay/comments/mg44u8/how_good_is_life_in_paraguay_living_in_a_good/,Mixed,Paraguay
